<?xml version="1.0" encoding="utf-8"?><edmx:Edmx Version="1.0" xmlns:edmx="http://schemas.microsoft.com/ado/2007/06/edmx" xmlns:m="http://schemas.microsoft.com/ado/2007/08/dataservices/metadata" xmlns:sap="http://www.sap.com/Protocols/SAPData"><edmx:DataServices m:DataServiceVersion="2.0"><Schema Namespace="ZSD_REBATES_NBR_SETTINGS_SRV" xml:lang="en" sap:schema-version="1" xmlns="http://schemas.microsoft.com/ado/2008/09/edm"><EntityType Name="RebateType" sap:content-version="1"><Key><PropertyRef Name="SalesOrg"/></Key><Property Name="SalesOrg" Type="Edm.String" Nullable="false" MaxLength="4" sap:creatable="false" sap:updatable="false"/><Property Name="DocType" Type="Edm.String" Nullable="false" MaxLength="4" sap:creatable="false" sap:updatable="false" sap:sortable="false" sap:filterable="false"/><Property Name="GoalType" Type="Edm.String" Nullable="false" MaxLength="1" sap:creatable="false" sap:updatable="false" sap:sortable="false" sap:filterable="false"/><Property Name="GoalSelector" Type="Edm.String" Nullable="false" MaxLength="1" sap:creatable="false" sap:updatable="false" sap:sortable="false" sap:filterable="false"/><NavigationProperty Name="NavRebateGoals" Relationship="ZSD_REBATES_NBR_SETTINGS_SRV.RebateType_RebateGoals" FromRole="FromRole_RebateType_RebateGoals" ToRole="ToRole_RebateType_RebateGoals"/><NavigationProperty Name="NavGoalAchievements" Relationship="ZSD_REBATES_NBR_SETTINGS_SRV.RebateType_GoalAchievements" FromRole="FromRole_RebateType_GoalAchievements" ToRole="ToRole_RebateType_GoalAchievements"/></EntityType><EntityType Name="GoalAchievement" sap:content-version="1"><Key><PropertyRef Name="SalesOrg"/><PropertyRef Name="Achievement"/></Key><Property Name="SalesOrg" Type="Edm.String" Nullable="false" MaxLength="4" sap:creatable="false" sap:updatable="false"/><Property Name="Achievement" Type="Edm.Int16" Nullable="false" sap:label="Signed INT2 / int16" sap:creatable="false" sap:updatable="false" sap:sortable="false" sap:filterable="false"/><Property Name="Discount" Type="Edm.Decimal" Nullable="false" Precision="3" Scale="2" sap:creatable="false" sap:updatable="false" sap:sortable="false" sap:filterable="false"/></EntityType><EntityType Name="RebateGoal" sap:content-version="1"><Key><PropertyRef Name="SalesOrg"/><PropertyRef Name="Customer"/><PropertyRef Name="Product"/><PropertyRef Name="StartValidity"/></Key><Property Name="SalesOrg" Type="Edm.String" Nullable="false" MaxLength="4" sap:creatable="false" sap:updatable="false"/><Property Name="Customer" Type="Edm.String" Nullable="false" MaxLength="10" sap:creatable="false" sap:updatable="false" sap:sortable="false" sap:filterable="false"/><Property Name="Product" Type="Edm.String" Nullable="false" MaxLength="18" sap:creatable="false" sap:updatable="false" sap:sortable="false" sap:filterable="false"/><Property Name="StartValidity" Type="Edm.DateTime" Nullable="false" Precision="0" sap:label="Time Stamp" sap:creatable="false" sap:updatable="false" sap:sortable="false" sap:filterable="false"/><Property Name="EndValidity" Type="Edm.DateTime" Nullable="false" Precision="0" sap:label="Time Stamp" sap:creatable="false" sap:updatable="false" sap:sortable="false" sap:filterable="false"/><Property Name="Quantity" Type="Edm.Decimal" Nullable="false" Precision="13" Scale="3" sap:unit="Unit" sap:creatable="false" sap:updatable="false" sap:sortable="false" sap:filterable="false"/><Property Name="Unit" Type="Edm.String" Nullable="false" sap:creatable="false" sap:updatable="false" sap:sortable="false" sap:filterable="false"/><Property Name="Amount" Type="Edm.Decimal" Nullable="false" Precision="15" Scale="2" sap:unit="Currency" sap:creatable="false" sap:updatable="false" sap:sortable="false" sap:filterable="false"/><Property Name="Currency" Type="Edm.String" Nullable="false" MaxLength="5" sap:creatable="false" sap:updatable="false" sap:sortable="false" sap:filterable="false"/></EntityType><EntityType Name="SalesOrg" sap:content-version="1"><Key><PropertyRef Name="SalesOrgCode"/></Key><Property Name="SalesOrgCode" Type="Edm.String" Nullable="false" MaxLength="4" sap:creatable="false" sap:updatable="false"/><Property Name="SalesOrgText" Type="Edm.String" Nullable="false" sap:creatable="false" sap:updatable="false" sap:sortable="false" sap:filterable="false"/><NavigationProperty Name="NavSalesOrgRebateType" Relationship="ZSD_REBATES_NBR_SETTINGS_SRV.SalesOrg_RebateType" FromRole="FromRole_SalesOrg_RebateType" ToRole="ToRole_SalesOrg_RebateType"/></EntityType><Association Name="SalesOrg_RebateType" sap:content-version="1"><End Type="ZSD_REBATES_NBR_SETTINGS_SRV.SalesOrg" Multiplicity="1" Role="FromRole_SalesOrg_RebateType"/><End Type="ZSD_REBATES_NBR_SETTINGS_SRV.RebateType" Multiplicity="0..1" Role="ToRole_SalesOrg_RebateType"/><ReferentialConstraint><Principal Role="FromRole_SalesOrg_RebateType"><PropertyRef Name="SalesOrgCode"/></Principal><Dependent Role="ToRole_SalesOrg_RebateType"><PropertyRef Name="SalesOrg"/></Dependent></ReferentialConstraint></Association><Association Name="RebateType_GoalAchievements" sap:content-version="1"><End Type="ZSD_REBATES_NBR_SETTINGS_SRV.RebateType" Multiplicity="1" Role="FromRole_RebateType_GoalAchievements"/><End Type="ZSD_REBATES_NBR_SETTINGS_SRV.GoalAchievement" Multiplicity="*" Role="ToRole_RebateType_GoalAchievements"/><ReferentialConstraint><Principal Role="FromRole_RebateType_GoalAchievements"><PropertyRef Name="SalesOrg"/></Principal><Dependent Role="ToRole_RebateType_GoalAchievements"><PropertyRef Name="SalesOrg"/></Dependent></ReferentialConstraint></Association><Association Name="RebateType_RebateGoals" sap:content-version="1"><End Type="ZSD_REBATES_NBR_SETTINGS_SRV.RebateType" Multiplicity="1" Role="FromRole_RebateType_RebateGoals"/><End Type="ZSD_REBATES_NBR_SETTINGS_SRV.RebateGoal" Multiplicity="*" Role="ToRole_RebateType_RebateGoals"/><ReferentialConstraint><Principal Role="FromRole_RebateType_RebateGoals"><PropertyRef Name="SalesOrg"/></Principal><Dependent Role="ToRole_RebateType_RebateGoals"><PropertyRef Name="SalesOrg"/></Dependent></ReferentialConstraint></Association><EntityContainer Name="ZSD_REBATES_NBR_SETTINGS_SRV_Entities" m:IsDefaultEntityContainer="true" sap:supported-formats="atom json xlsx"><EntitySet Name="RebateTypesSet" EntityType="ZSD_REBATES_NBR_SETTINGS_SRV.RebateType" sap:creatable="false" sap:updatable="false" sap:deletable="false" sap:pageable="false" sap:content-version="1"/><EntitySet Name="GoalAchievementsSet" EntityType="ZSD_REBATES_NBR_SETTINGS_SRV.GoalAchievement" sap:creatable="false" sap:updatable="false" sap:deletable="false" sap:pageable="false" sap:content-version="1"/><EntitySet Name="RebateGoalsSet" EntityType="ZSD_REBATES_NBR_SETTINGS_SRV.RebateGoal" sap:creatable="false" sap:updatable="false" sap:deletable="false" sap:pageable="false" sap:content-version="1"/><EntitySet Name="SalesOrgSet" EntityType="ZSD_REBATES_NBR_SETTINGS_SRV.SalesOrg" sap:creatable="false" sap:updatable="false" sap:deletable="false" sap:searchable="true" sap:pageable="false" sap:content-version="1"/><AssociationSet Name="RebateType_RebateGoalsSet" Association="ZSD_REBATES_NBR_SETTINGS_SRV.RebateType_RebateGoals" sap:creatable="false" sap:updatable="false" sap:deletable="false" sap:content-version="1"><End EntitySet="RebateTypesSet" Role="FromRole_RebateType_RebateGoals"/><End EntitySet="RebateGoalsSet" Role="ToRole_RebateType_RebateGoals"/></AssociationSet><AssociationSet Name="RebateType_GoalAchievementsSet" Association="ZSD_REBATES_NBR_SETTINGS_SRV.RebateType_GoalAchievements" sap:creatable="false" sap:updatable="false" sap:deletable="false" sap:content-version="1"><End EntitySet="RebateTypesSet" Role="FromRole_RebateType_GoalAchievements"/><End EntitySet="GoalAchievementsSet" Role="ToRole_RebateType_GoalAchievements"/></AssociationSet><AssociationSet Name="SalesOrg_RebateTypeSet" Association="ZSD_REBATES_NBR_SETTINGS_SRV.SalesOrg_RebateType" sap:creatable="false" sap:updatable="false" sap:deletable="false" sap:content-version="1"><End EntitySet="SalesOrgSet" Role="FromRole_SalesOrg_RebateType"/><End EntitySet="RebateTypesSet" Role="ToRole_SalesOrg_RebateType"/></AssociationSet></EntityContainer><atom:link rel="self" href="http://crd1.la.holcim.net:8000/sap/opu/odata/SAP/ZSD_REBATES_NBR_SETTINGS_SRV/$metadata" xmlns:atom="http://www.w3.org/2005/Atom"/><atom:link rel="latest-version" href="http://crd1.la.holcim.net:8000/sap/opu/odata/SAP/ZSD_REBATES_NBR_SETTINGS_SRV/$metadata" xmlns:atom="http://www.w3.org/2005/Atom"/></Schema></edmx:DataServices></edmx:Edmx>