<?xml version="1.0" encoding="utf-8"?><sf:SMARTFORM xmlns:sf="urn:sap-com:SmartForms:2000:internal-structure" xmlns="urn:sap-com:sdixml-ifr:2000" sf:language="EN"><HEADER><FORMNAME>ZBRWM_SU</FORMNAME><CAPTION>SU Label</CAPTION><MASTERLANG>E</MASTERLANG><LANGVECTOR>*</LANGVECTOR><DEVCLASS>ZBR_DEV</DEVCLASS><VERSION>00001</VERSION><FIRSTUSER>RQUADROS</FIRSTUSER><FIRSTDATE>2015-06-04</FIRSTDATE><FIRSTTIME>15:42:12</FIRSTTIME><LASTUSER>RQUADROS</LASTUSER><LASTDATE>2015-06-05</LASTDATE><LASTTIME>14:02:33</LASTTIME></HEADER><INTERFACE><item><IOTYPE>E</IOTYPE><NAME>DOCUMENT_OUTPUT_INFO</NAME><TYPING>TYPE</TYPING><TYPENAME>SSFCRESPD</TYPENAME><BYVALUE>X</BYVALUE><STANDARD>X</STANDARD></item><item><IOTYPE>E</IOTYPE><NAME>JOB_OUTPUT_INFO</NAME><TYPING>TYPE</TYPING><TYPENAME>SSFCRESCL</TYPENAME><BYVALUE>X</BYVALUE><STANDARD>X</STANDARD></item><item><IOTYPE>E</IOTYPE><NAME>JOB_OUTPUT_OPTIONS</NAME><TYPING>TYPE</TYPING><TYPENAME>SSFCRESOP</TYPENAME><BYVALUE>X</BYVALUE><STANDARD>X</STANDARD></item><item><IOTYPE>I</IOTYPE><NAME>ARCHIVE_INDEX</NAME><TYPING>TYPE</TYPING><TYPENAME>TOA_DARA</TYPENAME><OPTIONAL>X</OPTIONAL><BYVALUE>X</BYVALUE><STANDARD>X</STANDARD></item><item><IOTYPE>I</IOTYPE><NAME>ARCHIVE_INDEX_TAB</NAME><TYPING>TYPE</TYPING><TYPENAME>TSFDARA</TYPENAME><OPTIONAL>X</OPTIONAL><BYVALUE>X</BYVALUE><STANDARD>X</STANDARD></item><item><IOTYPE>I</IOTYPE><NAME>ARCHIVE_PARAMETERS</NAME><TYPING>TYPE</TYPING><TYPENAME>ARC_PARAMS</TYPENAME><OPTIONAL>X</OPTIONAL><BYVALUE>X</BYVALUE><STANDARD>X</STANDARD></item><item><IOTYPE>I</IOTYPE><NAME>CONTROL_PARAMETERS</NAME><TYPING>TYPE</TYPING><TYPENAME>SSFCTRLOP</TYPENAME><OPTIONAL>X</OPTIONAL><BYVALUE>X</BYVALUE><STANDARD>X</STANDARD></item><item><IOTYPE>I</IOTYPE><NAME>MAIL_APPL_OBJ</NAME><TYPING>TYPE</TYPING><TYPENAME>SWOTOBJID</TYPENAME><OPTIONAL>X</OPTIONAL><BYVALUE>X</BYVALUE><STANDARD>X</STANDARD></item><item><IOTYPE>I</IOTYPE><NAME>MAIL_RECIPIENT</NAME><TYPING>TYPE</TYPING><TYPENAME>SWOTOBJID</TYPENAME><OPTIONAL>X</OPTIONAL><BYVALUE>X</BYVALUE><STANDARD>X</STANDARD></item><item><IOTYPE>I</IOTYPE><NAME>MAIL_SENDER</NAME><TYPING>TYPE</TYPING><TYPENAME>SWOTOBJID</TYPENAME><OPTIONAL>X</OPTIONAL><BYVALUE>X</BYVALUE><STANDARD>X</STANDARD></item><item><IOTYPE>I</IOTYPE><NAME>OUTPUT_OPTIONS</NAME><TYPING>TYPE</TYPING><TYPENAME>SSFCOMPOP</TYPENAME><OPTIONAL>X</OPTIONAL><BYVALUE>X</BYVALUE><STANDARD>X</STANDARD></item><item><IOTYPE>I</IOTYPE><NAME>USER_SETTINGS</NAME><TYPING>TYPE</TYPING><TYPENAME>TDBOOL</TYPENAME><OPTIONAL>X</OPTIONAL><BYVALUE>X</BYVALUE><DEFAULTVAL>&apos;X&apos;</DEFAULTVAL><STANDARD>X</STANDARD></item><item><IOTYPE>I</IOTYPE><NAME>SU</NAME><TYPING>TYPE</TYPING><TYPENAME>STRING</TYPENAME></item><item><IOTYPE>X</IOTYPE><NAME>FORMATTING_ERROR</NAME><STANDARD>X</STANDARD></item><item><IOTYPE>X</IOTYPE><NAME>INTERNAL_ERROR</NAME><STANDARD>X</STANDARD></item><item><IOTYPE>X</IOTYPE><NAME>SEND_ERROR</NAME><STANDARD>X</STANDARD></item><item><IOTYPE>X</IOTYPE><NAME>USER_CANCELED</NAME><STANDARD>X</STANDARD></item></INTERFACE><sf:VARHEADER><sf:item><PAGEFORMAT>DINA4</PAGEFORMAT><CPI>10.00</CPI><LPI>6.00</LPI><STDSTYLE>ZSFWM_ZEBRA_SU</STDSTYLE><sf:PAGETREE><sf:NODE><NODETYPE>RP</NODETYPE><sf:SUCC><sf:item><sf:NODE><NODETYPE>PA</NODETYPE><sf:OBJ><sf:PAGE><NAME><INAME>%PAGE1</INAME></NAME><CAPTION>New Page</CAPTION><NEXTPAGE><INAME>%PAGE1</INAME></NEXTPAGE><NUMB_MODE>I</NUMB_MODE><NUMB_TYPE>A</NUMB_TYPE><PAGEORTN>P</PAGEORTN><T_CAPTION><item><LANGU>E</LANGU><FORMNAME>ZBRWM_SU</FORMNAME><OBJTYPE>PA</OBJTYPE><INAME>%PAGE1</INAME><CAPTION>New Page</CAPTION></item></T_CAPTION></sf:PAGE></sf:OBJ><sf:SUCC><sf:item><sf:NODE><NODETYPE>WI</NODETYPE><sf:OBJ><sf:WINDOW ID="366 "><NAME><INAME>MAIN</INAME></NAME><CAPTION>Main Window</CAPTION><WTYPE>M</WTYPE><T_CAPTION><item><LANGU>E</LANGU><FORMNAME>ZBRWM_SU</FORMNAME><OBJTYPE>WI</OBJTYPE><INAME>MAIN</INAME><CAPTION>Main Window</CAPTION></item></T_CAPTION><sf:PROC_CTRL><sf:NODE ID="390 "><NODETYPE>RC</NODETYPE><sf:SUCC><sf:item><sf:NODE><NODETYPE>TI</NODETYPE><sf:OBJ><sf:TEXT><NAME><INAME>%TEXT1</INAME></NAME><CAPTION>SU Bar Code</CAPTION><NOLANGUAGE>X</NOLANGUAGE><APPMODE>P</APPMODE><TEXT><item><TDFORMAT>P1</TDFORMAT><TDLINE>&lt;TX&gt;&amp;SU&amp;&lt;/&gt;</TDLINE></item><item><TDFORMAT>P1</TDFORMAT></item><item><TDFORMAT>P1</TDFORMAT></item><item><TDFORMAT>P1</TDFORMAT></item><item><TDFORMAT>P1</TDFORMAT><TDLINE>&lt;BC&gt;&amp;SU&amp;&lt;/&gt;</TDLINE></item><item><TDFORMAT>P1</TDFORMAT></item></TEXT><STYLE_NAME>ZSFWM_ZEBRA_SU</STYLE_NAME><TEXT_AREA><ENABLED>F</ENABLED><NCOLS>0</NCOLS><NROWS>0</NROWS></TEXT_AREA><T_CAPTION><item><LANGU>E</LANGU><FORMNAME>ZBRWM_SU</FORMNAME><OBJTYPE>TI</OBJTYPE><INAME>%TEXT1</INAME><CAPTION>SU Bar Code</CAPTION></item></T_CAPTION></sf:TEXT></sf:OBJ><sf:SUCC/></sf:NODE></sf:item></sf:SUCC></sf:NODE></sf:PROC_CTRL></sf:WINDOW></sf:OBJ><sf:OUTATTR><sf:OUTATTR><NAME><INAME>%OUTATTRIB1</INAME></NAME><CAPTION>New Display Option</CAPTION><U_WFRAME>PT</U_WFRAME><U_WBOXV>CM</U_WBOXV><U_WBOXH>CM</U_WBOXH><WLEFT>0.50</WLEFT><U_WLEFT>CM</U_WLEFT><WWIDTH>9.25</WWIDTH><U_WWIDTH>CM</U_WWIDTH><WTOP>0.35</WTOP><U_WTOP>CM</U_WTOP><WHEIGHT>3.85</WHEIGHT><U_WHEIGHT>CM</U_WHEIGHT><BORDER><LEFTATTR><THICKNESS>15.00</THICKNESS><THICKNESSU>TW</THICKNESSU><DISTANCE>0.00</DISTANCE><DISTANCEU>CM</DISTANCEU><COLOR><RED>000</RED><GREEN>000</GREEN><BLUE>000</BLUE><TRANS>000</TRANS></COLOR></LEFTATTR><TOPATTR><THICKNESS>15.00</THICKNESS><THICKNESSU>TW</THICKNESSU><DISTANCE>0.00</DISTANCE><DISTANCEU>CM</DISTANCEU><COLOR><RED>000</RED><GREEN>000</GREEN><BLUE>000</BLUE><TRANS>000</TRANS></COLOR></TOPATTR><RIGHTATTR><THICKNESS>15.00</THICKNESS><THICKNESSU>TW</THICKNESSU><DISTANCE>0.00</DISTANCE><DISTANCEU>CM</DISTANCEU><COLOR><RED>000</RED><GREEN>000</GREEN><BLUE>000</BLUE><TRANS>000</TRANS></COLOR></RIGHTATTR><BOTTOMATTR><THICKNESS>15.00</THICKNESS><THICKNESSU>TW</THICKNESSU><DISTANCE>0.00</DISTANCE><DISTANCEU>CM</DISTANCEU><COLOR><RED>000</RED><GREEN>000</GREEN><BLUE>000</BLUE><TRANS>000</TRANS></COLOR></BOTTOMATTR></BORDER><T_CAPTION><item><LANGU>E</LANGU><FORMNAME>ZBRWM_SU</FORMNAME><OBJTYPE>OA</OBJTYPE><INAME>%OUTATTRIB1</INAME><CAPTION>New Display Option</CAPTION></item></T_CAPTION></sf:OUTATTR></sf:OUTATTR><sf:SUCC/></sf:NODE></sf:item></sf:SUCC></sf:NODE></sf:item></sf:SUCC></sf:NODE></sf:PAGETREE></sf:item></sf:VARHEADER></sf:SMARTFORM>